{"cameraMode":{"drawMode":0,"name":"Shaded","section":"Shading Mode"},"sceneLighting":true,"audioPlay":false,"sceneViewState":{"showFog":true,"showMaterialUpdate":false,"showSkybox":true,"showFlares":true,"showImageEffects":true,"showParticleSystems":true},"in2DMode":false,"pivot":{"x":-8.263495445251465,"y":5.966466426849365,"z":-1.9346898794174195},"rotation":{"x":0.15255619585514069,"y":0.5913012623786926,"z":-0.115142323076725,"w":0.7835074067115784},"size":0.8660253882408142,"orthographic":false}